{"id":"LC82330832019263LGN00","type":"Feature","geometry":{"coordinates":[[[-71.44708499902762,-32.125733279087626],[-69.50178945290024,-32.5056378985174],[-69.95472628483998,-34.225260807413584],[-71.93949872840042,-33.83839158161536],[-71.44708499902762,-32.125733279087626]]],"type":"Polygon"},"properties":{"acquired":"2019-09-20T14:33:58.942282Z","anomalous_pixels":0,"cloud_cover":0.042,"collection":"1","columns":7681,"data_type":"L1TP","epsg_code":32619,"gsd":30,"instrument":"OLI_TIRS","item_type":"Landsat8L1G","origin_x":226185,"origin_y":-3556485,"pixel_resolution":30,"processed":"2019-09-26T03:47:27Z","product_id":"LC08_L1TP_233083_20190920_20190926_01_T1","provider":"usgs","published":"2019-09-21T02:57:07Z","quality_category":"standard","rows":7731,"satellite_id":"Landsat8","sun_azimuth":46.3,"sun_elevation":45.3,"updated":"2019-09-27T01:06:12Z","usable_data":0.688,"view_angle":0,"wrs_path":233,"wrs_row":83}}
